hotel_id,place_id,display_name,formatted_address
hyd001,ChIJgeE2cPeZyzsRW4Yql-JFFkk,Hyderabad Marriott Hotel & Convention Centre,"Tank Bund Rd, opposite Hussain Sagar, Bhagyalaxmi Nagar, Lake, Hyderabad, Telangana 500080, India"
hyd002,ChIJVfQrJVyXyzsRZwxPZ74BlcU,Amrutha Castle,"5-9-16, NH 44, opposite State Secretariat, Ambedkar Colony, Khairtabad, Hyderabad, Telangana 500004, India"
hyd003,ChIJHalco96TyzsRUlJsvzAyi2w,"Trident, Hyderabad","Survey No.64, Hitech City Main Road, HITECH City, Jubilee Enclave, Madhapur, Hyderabad, Telangana 500081, India"
hyd004,ChIJqfUnCjKSyzsRmxVciMDp__c,Novotel Hyderabad Convention Centre,"Near, Hitec City P.O Bag 1101, Izzathnagar, Hyderabad, Telangana 500081, India"
hyd005,ChIJS_vvpBSXyzsR40GrdQo2a6Y,THE PARK HYDERABAD,"22, Raj Bhavan Rd, Somajiguda, Hyderabad, Telangana 500082, India"
hyd006,ChIJEQjTFueTyzsRNlGMHopAjpE,"Red Fox by Lemon Tree Hotels, Hyderabad","Survey No. 64, Plot No. 2, Hitech City Main Rd, Phase 2, Madhapur, Hyderabad, Telangana 500081, India"
hyd007,ChIJk8SsT-CTyzsRdujRl8Gt36o,"Deccan Serai Hotel, HITEC CITY, HYDERABAD","Survey No 82, Raheja Mindspace, 84, HUDA Techno Enclave, HITEC City, Hyderabad, Telangana 500081, India"
hyd008,ChIJfXxgtWSXyzsRHp_B6tZ6mVo,The Grand Plaza Hotel,"5-9-88/A/1, Opposite Assembly Metro Station, Pillar No: A 1255, Public Gardens, A 1255, Public Garden Rd, beside Hajj House Lane, Fateh Maidan, Nampally, Hyderabad, Telangana 500001, India"
hyd009,ChIJ9XmaoIiTyzsRnJ7stUGY-Z8,"ITC Kohenur, a Luxury Collection Hotel, Hyderabad","Survey No, 83/1, Hyderabad Knowledge City, Plot No.5, Silpa Gram Craft Village, Madhapur, Hyderabad, Telangana 500081, India"
hyd010,ChIJJehaIEmXyzsR2B6fRlyYon4,Mercure Hyderabad KCP,"6-3-551, Banjara Hills Main Rd, Irram Manzil Colony, Punjagutta, Hyderabad, Telangana 500082, India"
hyd011,ChIJN_FppDeXyzsR2kJ1gGzcVoY,"Taj Krishna, Hyderabad","Rd Number 1, near Bartel India Expo, Mada Manzil, Banjara Hills, Hyderabad, Telangana 500034, India"
hyd012,ChIJFdg_pTaXyzsRgTgdsMHumWU,Hyatt Place Hyderabad Banjara Hills,"Rd Number 1, Zahara Nagar, Banjara Hills, Hyderabad, Telangana 500034, India"
hyd013,ChIJ8bUzOte_yzsRib288kE826I,Hotel Hyderabad Grand,"11-2/4 & 11-2/5, AH43, Madhura Nagar, Shamshabad, Hyderabad, Telangana 501218, India"
hyd014,ChIJ0XBF7DaXyzsRMhD-swGhefM,Taj Deccan,"Rd Number 1, Balapur Basthi, Banjara Hills, Hyderabad, Telangana 500034, India"
hyd015,ChIJk7ZK88CTyzsRw-YWp_IG-YQ,Radisson Hotel Hyderabad Hitec City,"Gachibowli - Miyapur Rd, Chhota Anjaiah Nagar, Gachibowli, Hyderabad, Telangana 500032, India"
hyd016,ChIJOf4ly6aQyzsRIvVNdJzA-lE,"The Manohar, Hyderabad","Begumpet Airport Road, Motilal Nehru Nagar, Begumpet, Hyderabad, Telangana 500016, India"
hyd017,ChIJPazaXzKXyzsReCqq2D3K71I,Radisson Blu Plaza Hotel Hyderabad Banjara Hills,"8-2-409, Road No.6, Green Valley, Banjara Hills, Hyderabad, Telangana 500034, India"
hyd018,ChIJ97WV-JSRyzsRRDA5Rwa3ndU,"Lemon Tree Premier, HITEC City, Hyderabad","Plot No. 2, Survey No. 64, HITEC City, Phase 2, Madhapur, Hyderabad, Telangana 500081, India"
hyd019,ChIJfV0o_CKZyzsRT4TTs1gzfBM,The Platinum Boutique Inn,"Liberty Crossroads, Sama Towers, 3-6-365, near TTD Balaji Temple, Gagan Mahal, Domalguda, Himayatnagar, Hyderabad, Telangana 500029, India"
hyd020,ChIJOxGzft6TyzsRnxGahoZdsso,ibis Hyderabad HITEC City,"Plot 3, Hitech City Main Rd, HUDA Techno Enclave, HITEC City, Hyderabad, Telangana 500081, India"
hyd021,ChIJydWgQDiXyzsRDCJbxivQEXQ,"Lemon Tree Hotel, Banjara Hills, Hyderabad","Next, CARE HOSPITALS BANJARA HILLS, Rd Number 1, Prem Nagar, Banjara Hills, Hyderabad, Telangana 500034, India"
hyd022,ChIJmY3GYpOTyzsR8QenCsVIGbA,Bloom Hotel - HITEC City,"No. 98/8/5, Jaihind Rd, near Danyon IT Technology, Cyber Hills Colony, VIP Hills, Jaihind Enclave, Madhapur, Hyderabad, Telangana 500081, India"
hyd023,ChIJmS8JobaQyzsRcphX-3j40OE,"ITC Kakatiya, a Luxury Collection Hotel, Hyderabad","6 -3 -1187, Teachers Colony, Greenlands, Begumpet, Hyderabad, Telangana 500016, India"
hyd024,ChIJbRyNuMiWyzsR0zjdWlNH_sE,Park Hyatt Hyderabad,"Road No. 2, Sri Nagar Colony, Kamalapuri Colony, Banjara Hills, Hyderabad, Telangana 500034, India"
hyd025,ChIJ45w4rOGTyzsR5uL2l9DFrAc,The Westin Hyderabad Mindspace,"Raheja It Park Hitec City, HUDA Techno Enclave, Madhapur, Hyderabad, Telangana 500081, India"
hyd026,ChIJM58rKoCTyzsRaWdn-ivIoV4,Sheraton Hyderabad Hotel,"115/1, Nanakramguda Rd, Financial District, Gachibowli, Hyderabad, Nanakramguda, Telangana 500032, India"
hyd027,ChIJw3KFakCXyzsRI91KGhtoLqA,The Golkonda Hotel,"10-1-124, Mehdipatnam - Banjara Hills Rd, Ambedkar Nagar, Masab Tank, Hyderabad, Telangana 500028, India"
hyd028,ChIJwwP9nLSQyzsRdIusAEcwucA,Katriya Hotel & Towers,"8, Raj Bhavan Rd, Somajiguda, Hyderabad, Telangana 500082, India"
hyd029,ChIJ3ZdZcX-UyzsRZg_cESE7Xgc,Hyatt Hyderabad Gachibowli,"Road No. 2, Financial District, Gachibowli, Hyderabad, Nanakramguda, Telangana 500019, India"
hyd030,ChIJCQEA8GuXyzsRJ9YS3oB96KU,"Hotel Wood Bridge Grand, Hyderabad","AC Guards Rd, Red Hills, Lakdikapul, Hyderabad, Telangana 500004, India"
hyd031,ChIJB6kls-aWyzsRFG_hXFOO6d4,Hampshire Plaza Hotel,"6-1-79 & 80, Telephone Bhavan Rd, Ambedkar Colony, Lakdikapul, Hyderabad, Telangana 500004, India"
hyd032,ChIJe0I1qEWRyzsRDMI8JGNPRkI,Hotel Daspalla Hyderabad,"Rd Number 37, CBI Colony, Jubilee Hills, Hyderabad, Telangana 500033, India"
hyd033,ChIJQ4RciS6TyzsR2j5uiLxd6UM,The Elite Hotel Hyderabad,"Gachibowli - Miyapur Rd, near to Genpact, Old Hafeezpet, Sai Nagar, Hafeezpet, Hyderabad, Telangana 500050, India"
hyd034,ChIJj0rOKICTyzsR9gOYQAJA5Cw,"Holiday Inn Express Hyderabad Hitec City, an IHG Hotel","Survey No. 35, Phoenix Avance Business Park, Phase 2, HITEC City, Hyderabad, Telangana 500081, India"
hyd035,ChIJhco2WVyTyzsRAcUtcGxbDrM,"Lemon Tree Hotel, Gachibowli, Hyderabad","Survey No 115/1 Financial District, Nanakramguda, Financial District, Gachibowli, Serilingampalle (M), Hyderabad, Telangana 500032, India"
hyd036,ChIJ_QMbKEOXyzsRHjGEsGiKBgE,THE CENT HOTEL,"Pillar- 1201, Collectorate, 6-1-1063/C, opposite to RR District, Taj Enclave, Lakdikapul, Hyderabad, Telangana 500004, India"
hyd037,ChIJHxIYkLeQyzsRSrE3g-ffAes,Marigold Hotel,"7-1-25, Ameerpet Rd, Leelanagar, Begumpet, Hyderabad, Telangana 500016, India"
hyd038,ChIJ_7boUKC8yzsRY9AMzjILX7Q,Novotel Hyderabad Airport,"R. Gandhi International Airport, Shamshabad, Hyderabad, Mamidpally, Telangana 500108, India"
hyd039,ChIJp18rz1CTyzsRnh1RFsfZT4M,White Ridge Premium Hotel - Hitec City,"Plot no.26, Sector 2, HUDA Techno Enclave, HITEC City, Hyderabad, Telangana 500081, India"
hyd040,ChIJ0fCVSpKXyzsRljNMQdyrbiY,"Holiday Inn Express Hyderabad Banjara Hills, an IHG Hotel","6-3-563/2nd Floor/A Erranmanzil Colony, Somajiguda, Venkataraman Colony, Banjara Hills, Hyderabad, Telangana 500082, India"
hyd041,ChIJzTYO0BSRyzsRI-3Voutn5d4,The Leela Hyderabad,"Road No. 2, Sagar Society, Sri Nagar Colony, Aurora Colony, Banjara Hills, Hyderabad, Telangana 500034, India"
hyd042,ChIJa_0-m7uQyzsR75iXCHHNIX8,"Vivanta Hyderabad, Begumpet","1-10-147 & 148, Mayuri Marg, Mayur Marg, Begumpet, Hyderabad, Telangana 500016, India"
hyd043,ChIJd-4gxmKXyzsRRDX8uxNZ6ew,Royalton Hotel,"5-9-208/2, Chirag Ali Ln, Mahesh Nagar, Abids, Hyderabad, Telangana 500001, India"
hyd044,ChIJG4UNJHuXyzsRDmi0VLblpc4,Ellaa Hotel,"ISB Rd, Hill Ridge Springs, Gachibowli, Hyderabad, Telangana 500032, India"
hyd045,ChIJzW9X7s69yzsR1_ySg1yiC0w,Hotel Rainbow Tower,"1,8-27/2, International Airport Road Opposite:, Rajiv Gandhi International Airport, Police station, Shamshabad, Hyderabad, Telangana 501218, India"
hyd046,ChIJNab-QPeZyzsRAISjTT2XE6A,Courtyard Hyderabad,"1-3-1024, Lower Tank Bund Rd, Bhagyalaxmi Nagar, Kavadiguda, Hyderabad, Telangana 500080, India"
hyd047,ChIJcRUqXV2XyzsRD4ofGObdKcI,The Central Court Hotel,"6-1-71, Lakdikapul Rd, beside HDFC Bank, Saifabad, Khairtabad, Hyderabad, Telangana 500004, India"
hyd048,ChIJBwAAwEySyzsRzlcntGSjuIY,Oak Business Hotel,"Kondapur, Raja Rajeshwara Nagar, Hyderabad, Telangana 500084, India"
hyd049,ChIJK_8HBOqUyzsRdzZsBXiWEUQ,The Golkonda Resorts & Spa,"Sagar Mahal Complex, near Osman Sagar Lake, Gandipet, Telangana 500075, India"
hyd050,ChIJ7cmDqGmTyzsR_rShQIIHbic,"Hotel Deccan Serai Grande, Gachibowli, Hyderabad | Hotels in Gachibowli","Sy no 18 & 19, 42, 44, Plot No: 25, Behind Vyshnavi Cynosure, Telecom Nagar, Gachibowli, Hyderabad, Telangana 500032, India"
hyd051,ChIJBRuKXV2XyzsR0fk4akUZK48,Best Western Ashoka ( Hotel & AC Banquets),"Metro Station 6-1, 70, Lakdikapul Rd, near to Lakdikapul, Ambedkar Colony, Khairtabad, Hyderabad, Telangana 500004, India"
hyd052,ChIJQwAAAGmXyzsRc15mf6yykN0,Hotel Abode,"Lakdikapul Rd, Saifabad, Lakdikapul, Hyderabad, Telangana 500004, India"
hyd053,ChIJE-Ffr8-RyzsRxlAl9Cix1EQ,RCC Hotels Pride - Kukatpally,"PHASE 1 & 2, Rcc Pride, Kukatpally Housing Board Colony, Kukatpally, Hyderabad, Telangana 500085, India"
hyd054,ChIJ9fDsFoOTyzsRBSsMfvl2baA,Le Meridien Hyderabad,"Plot No: 25, 132, Gachibowli - Miyapur Rd, Jayabheri Enclave, Gachibowli, Hyderabad, Telangana 500032, India"
hyd055,ChIJtdmHAAiayzsRpUIh8jepJM4,"Manasarovar The Fern, Hyderabad","U.S. Consulate Chiraan Fort Club, Chiran Fort Club Ln, Patigadda, Begumpet, Secunderabad, Hyderabad, Telangana 500003, India"
hyd056,ChIJD5uFYWrpyzsRxkxFJbLFi0g,Pragati Resorts,"Proddutur Village, Chilukuru Balaji Temple Road, Shankarpally Mandal, Ranga Reddy District, Hyderabad, Telangana 501203, India"
hyd057,ChIJKbNyt6iDyzsRABsSBSUYKi4,Leonia Holistic Destination,"Bommaraspet, Shamirpet, Hyderabad, Secunderabad, Telangana 500078, India"
hyd058,ChIJAQAAwE6XyzsR2JYV5561r7Q,Our Nest,"Plot No:6-3, 1119/1/A, Kirtilal jeweellers lane, beside Aditya Elite Apartments, Nishat Bagh Colony, Somajiguda, Hyderabad, Telangana 500016, India"
hyd059,ChIJQSoXVFa9yzsRLgAgJMKw29M,"Taj Falaknuma Palace, Hyderabad","Engine Bowli, Falaknuma, Hyderabad, Telangana 500053, India"
hyd060,ChIJgf3ERQCZyzsRg_6DyXelDV4,Hotel Elite Swagath Grand - HRR Hotels - Hyderabad,"H.No.1, Metro Pillar No: B 1082, 7-145/C, Traffic Police Station, Golconda X Roads, beside Chikkadapalli, Musheerabad, Zamistanpur, Hyderabad, Telangana 500044, India"
hyd061,ChIJL5wVyPmTyzsRCpQ8gIcckwc,Elite Hotel Gachibowli,"Plot No 28, Sai Tulasi Enclave Opp Us Consulate, Vattinagulapalli, near Financial District, Gachibowli, Hyderabad, Telangana 500032, India"
hyd062,ChIJL_CCAM2ZyzsRCXPXx8ILu5g,Hotel Haridwar,"4-6-464, 4-6-464, Sultan Bazar Rd, near Women's College, Esamiya Bazaar, Koti, Hyderabad, Telangana 500027, India"
hyd063,ChIJEVpJJwCRyzsRH8rL74vNkD0,Theo suites hotel,"1/98/6/A/66/A, VIP Hills, Jaihind Enclave, Madhapur, Hyderabad, Telangana 500081, India"
hyd064,ChIJ6c4ERl2XyzsRk3wik-hl9zo,Hotel Shree Venkateshwara,"6-1-74,LAKDIKAPUL METRO STATION NEAR, PILLAR NO:1209, Ambedkar Colony, Lakdikapul, Hyderabad, Telangana 500004, India"
hyd065,ChIJVVVVxduZyzsRvpTj4Kooy5k,Hotel Central Park,"3-5-863, 864, Old MLA Quarters Rd, Old MLA Quarters, King Koti, Hyderguda, Telangana 500029, India"
hyd066,ChIJg8iBeoCTyzsRyXhPPA52nrg,Hotel Marigold @nest,"Plot No.69 7 71, beside Dominos, Vinayak Nagar, Indira Nagar, Gachibowli, Hyderabad, Telangana 500032, India"
hyd067,ChIJoSHS00GXyzsR9rntQ4v9B20,Hotel NS Royal Emirates,"Journalist colony B/14, near Apollo Hospital, beside Bake Away Bakery, MLA Colony, Jubilee Hills, Hyderabad, Telangana 500033, India"
hyd068,ChIJwcRLc-WZyzsRvOF0NiIbHis,Dash Hotels - Affordable Luxury,"4-2-708, Shakthi Ganapathi Temple, 2nd, 3rd, 4th, behind Shakti Ganesh Temple, Ramkoti, King Koti, Kachiguda, Hyderabad, Hyderguda, Telangana 500001, India"
hyd069,ChIJNaE2hRgKyzsRizyopiX26Dc,Sitara Luxury Hotel Ramoji Film City,"Ramoji Film City Main Rd, Hyderabad, Telangana 501512, India"
hyd070,ChIJ5YtgrUuXyzsRmJQmzwzLQU4,Treebo Destination Inn,"20, 6-3-349, Alpha Business Centre, lower ground floor Nagarjuna Circle, 2A, Rd Number 1, Dwarakapuri, Banjara Hills, Hyderabad, Telangana 500034, India"
hyd071,ChIJk6_fjN-TyzsRTNY0dJ8Q1IQ,Avasa,"Survey No. 64 15, 24 25 & 26, Hitech City Main Rd, HUDA Techno Enclave, HITEC City, Hyderabad, Telangana 500081, India"
hyd072,ChIJCQd-cseTyzsRpUNAuDIl_Jw,Marriott Executive Apartments Hyderabad,"Level 10, Survey No 133, SLN Terminus, beside Botanical Garden Road, Jayabheri Enclave, Gachibowli, Hyderabad, Telangana 500032, India"
hyd073,ChIJC-VozeiTyzsR34Gax4Fu-jI,Fairfield by Marriott Hyderabad Gachibowli,"Road No. 2, Financial District, Gachibowli, Hyderabad, Telangana 500032, India"
hyd074,ChIJd4g3KoCTyzsRrtDi-qrw-nA,Oakwood Residence Kapil Hyderabad,"115 /1, Road No. 2, Financial District, Gachibowli, Hyderabad, Nanakramguda, Telangana 500032, India"
hyd075,ChIJW4KHPq69yzsRFv-wq0bJNAg,Citadel Hotels & Conventions By Vinnca,"Airport Road, Opp. METRO Wholesale, NH 44, Shamshabad, Gaganpahad, Telangana 500052, India"
hyd076,ChIJaRcz9vqTyzsRZpE9AnUyHng,Peerless Hotel Hyderabad,"Plot No.15 to 18, near Biodiversity Complex, Silpa Gram Craft Village, Gachibowli, Hyderabad, Telangana 500032, India"
hyd077,ChIJfYqH2aCRyzsRTAU-zj904yA,Mango Suites - Viera,"11A, Road No 3, Film Nagar, near Apollo Hospital, MLA Colony, Jubilee Hills, Hyderabad, Telangana 500033, India"
hyd078,ChIJjfKBl8yTyzsRw160FjkcFts,Siesta Hitech Hyderabad,"55, Gachibowli - Miyapur Rd, Kondapur, Hanuman Nagar, Marthanda Nagar, Shilpa Hills, Hyderabad, Telangana 500084, India"
hyd079,ChIJx07AB-mhyzsR8T07zYbAXRc,"Taj Banjara, Hyderabad","CC5X+VGR, Rd Number 1, Mithila Nagar, Banjara Hills, Hyderabad, Telangana 500034, India"
hyd080,ChIJYduvo3-TyzsRjEnd5DsLaEk,Regenta One,"115/1, ISB Road, Financial District, Nanakramguda, Gachibowli, Financial District, Hyderabad, Nanakramguda, Telangana 500032, India"
hyd081,ChIJ4Utij4aTyzsRDg7WWPNOBX0,Holiday Inn Express & Suites Hyderabad Gachibowli,"Road No. 2, Madhava Reddy Colony, Gachibowli, Hyderabad, Telangana 500032, India"
hyd082,ChIJUStz8p--yzsRXqCH-RnwR4A,Hotel O A R International,"National Highway 44, Plot. No.29 & 30, beside Tredent Hospital, opposite Hotel Hyderabad Grand, Shamshabad, Hyderabad, Telangana 501218, India"
hyd083,ChIJP1otb96TyzsRNl9DmVbE1kg,Sapphire Pearl,"Plot No 34, Behind IBIS Hotel , Near Medicover Hospital Madhapur, Patrika Nagar, HITEC City, Hyderabad, Telangana 500081, India"
hyd084,ChIJobxfUvmTyzsRP94YscwOfK0,Super Townhouse Whiteridge Gachibowli Near AIG Hospital,"Sri Shyam Nagar, Telecom Nagar, Gachibowli, Hyderabad, Telangana 500032, India"
hyd085,ChIJ_Vp8BsyTyzsR5C_pCh9hfE0,KHYATHI HOTELS,"Plot No. 148/B, Hemalatha Nivas, Rd Number 3, Kondapur, Hanuman Nagar, Jubilee Garden Layout, Hyderabad, Telangana 500084, India"
hyd086,ChIJzYEG27mQyzsRzP0k1skpBFQ,Super Townhouse 359 Begumpet Near Hyderabad Central,"Opposite: Country Club, Railway Station, 7-1-119/3a, Greenlands Rd, near Begumpet, Leelanagar, Begumpet, Hyderabad, Telangana 500016, India"
hyd087,ChIJ-QNFIpCZyzsR7Xvkl6D_EaU,Hotel Tara International,"15-2-399, Siddiamber Bazar Rd, Siddiamber Bazar, Kishan Gunj, Jam Bagh, Hyderabad, Telangana 500063, India"
hyd088,ChIJU50HZF-RyzsRzgZkqOhMK6w,Prime Hitech Service Apartments,"1st Floor, C block, Fresh Living Apartments,, Vittal Rao Nagar, Madhapur,, Vittal Rao Nagar, Madhapur, Hyderabad, Telangana 500081, India"
hyd089,ChIJP5B0lZ-XyzsRZQE3Aew1VT4,Goldhorn Hotels Mehdipatnam Near Snt Ann's college,"Apoorva Hospital, Park, St Ann's College Road, opposite Bank of India, near Arvind Eye Hospital, Santosh Nagar, Mehdipatnam, Hyderabad, Telangana 500006, India"
hyd090,ChIJw-MCKzSYyzsRNGvxUsetab0,HOTEL SOHAIL,"No-16-8-992, Government Printing Press Rd, beside Government Hospital, Officers Colony, Malakpet, Hyderabad, Telangana 500036, India"
hyd091,ChIJkfZ6us6QyzsRPab4t83JCog,OYO Grandeur By orbit Hotels Near Chennai shopping mall,"8-3-945/A/1/1, Ameerpet Rd, opp. Chennai Shopping Mall, beside New Science College Lane, Nagarjuna Nagar colony, Yella Reddy Guda, Hyderabad, Telangana 500073, India"
hyd092,ChIJIXN0qS2byzsRwSNa203Kwlw,Townhouse De Alphabet,"samshabad airport, balaji hospital, NCL Enclave South, Caton Residential Twp, Bolarum, Hyderabad, Secunderabad, Telangana 500100, India"
hyd093,ChIJe46BbwCRyzsRFDvNHa1GkAs,Hotel Devi Grand,"Moosapet 'X' Roads, Plot No. 11-5-152, Moosapet Rd, Bhavani Nagar, Moosapet, Hyderabad, Telangana 500018, India"
hyd094,ChIJEQBGe96TyzsR2tQt_CobZj4,Bigson Service Apartments Hitech City,"Hallmark Developer's,Street no 7,Patrika Nagar, HUDA Techno Enclave, HITEC City, Hyderabad, Telangana 500081, India"
hyd095,ChIJQxE_j8CTyzsRJZNlTlC-VYM,Divya Darshini Hospitality Services PVT LTD,"Phase 2, Plot No 9, behind Radisson, Jayabheri Enclave, Gachibowli, Hyderabad, Telangana 500032, India"
hyd096,ChIJCaENF42RyzsRlqf7z-so-5Q,"Hotel Lotus Blue JNTU , KPHB","51-A, Adagutta Society, opp. JNTU College, Addagutta Society, Western Hills, KPHB, Kukatpally, Hyderabad, Telangana 500085, India"
hyd097,ChIJy5yykRyayzsRTauM6zPeGKk,Hotel O Priya Residency,"Maithri Arcade, 2342/52, Mahatma Gandhi Rd, Rani Gunj, Hyderabad, Telangana 500003, India"
hyd098,ChIJbUWOqSiTyzsR3RRNwh_q9AE,OYO Townhouse 123 White Ridge Kondapur,"1550, Seshadri Marg, Kondapur, Raja Rajeshwara Nagar, Hyderabad, Telangana 500084, India"
hyd099,ChIJp86QTpKRyzsR8Ov81pM4Wig,"FabHotel Golden Hitech - Hotel in Madhapur, Hyderabad","Plot no 469, Road No: 26, Swamy Ayyappa Society, Chanda Naik Nagar, Madhapur, Hyderabad, Telangana 500081, India"
hyd100,ChIJuxMU_E-TyzsRIOS8kq9AWzc,Hotel Yellow Bells,"19/2, 1st Left, opp. Raymonds Show Room, opp. The Platina, Banjara Basthi, Anjaiah Nagar, Gachibowli, Hyderabad, Telangana 500032, India"
hyd101,ChIJMUrhpU6TyzsRVJcjRYDdIgY,Embassy Suites,"Jayabheri - 4 seasons, Plot no 32, Gachibowli, Hyderabad, Telangana 500032, India"
hyd102,ChIJJZP0u7yTyzsRE_oY431L76Y,Hotel Akoya - Hitech City Hyderabad,"Street No. 2, Patrika Nagar, HITEC City, Hyderabad, Telangana 500081, India"
hyd103,ChIJt250zxGayzsRzWyBdF9gtJU,"WELKIN HOTEL , SECUNDERABAD","1-7-227 TO 234, Sarojini Devi Rd, near Paradise Circle, Sappu Bagh Apaprtment, Jogani, Ramgopalpet, Secunderabad, Hyderabad, Telangana 500003, India"
hyd104,ChIJz8SCUf2ZyzsR-FJu1cRS1qc,"Treebo Arastu Grand, Hyderabad","2nd Floor, 5-8-547 TO 552, Arastu Complex, Abids Road, Chirag Ali Lane, Abids, Hyderabad, Telangana 500001, India"
hyd105,ChIJM3Dr2BqXyzsRI4gHzmVYXW4,"FabHotel Royal Residency II - Hotel in Lakdikapul, Hyderabad","11-5-430, Red Hills Rd, Red Hills, Lakdikapul, Hyderabad, Telangana 500004, India"
hyd106,ChIJWRPxPCC8yzsRnxcmDk_z0lo,Hotel SM Deccan Park,"11, 3/4, Brindavan Colony, Shamshabad, Hyderabad, Telangana 501218, India"
hyd107,ChIJOVvE4jaTyzsR_6M4bl3HR2U,LA Hometel Hotel Hitech City Hyderabad,"survey 78, Plot 152/61, Street Number 4, opposite Medicover Hospitals Road, Patrika Nagar, Madhapur, Hyderabad, Telangana 500081, India"
hyd108,ChIJm9ouFdaZyzsRTdfmCHHDBqw,New Hotel Suhail,"4-1-527, Street Number 5, behind G.P.O, Troop Bazaar, Abids, Hyderabad, Telangana 500001, India"
hyd109,ChIJn8IDnV6XyzsR_Cz0KT-2vzk,Deccan Comforts Guest Houses,"5-9-19/14,15, Green Gates, Opp. Secretariat Old Gate, Lakdikapul lumbini park, Ambedkar Colony, Khairtabad, Hyderabad, Telangana 500004, India"
hyd110,ChIJd_0KCj6ZyzsRp9VtUWRCwAc,Hotel Jaya International,"3/1&3, 2, Hanuman Tekdi Rd, Hanuman Tekdi, Abids, Hyderabad, Telangana 500001, India"
hyd111,ChIJTWXzj2iXyzsR3pZP_9IK61c,Hotel Rainbow International,"11-5-388 to 392, opposite Niloufer Road, Red Hills, Redhills, Hyderabad, Telangana 500004, India"
hyd112,ChIJjdsStdOXyzsRHZuyQErDq_I,Hotel ik London residency,"6-3-656, Kapadia Ln, Sangeet Nagar, Somajiguda, Hyderabad, Telangana 500082, India"
hyd113,ChIJQ4CnzVuRyzsRvATlIa073xk,Zostel Hyderabad,"1-95-2, 5, Phase, C9QR+7XW, 2, Durgam Cheruvu Rd, RBI Colony, Phase 2, Kavuri Hills, Madhapur, Hyderabad, Telangana 500033, India"
hyd114,ChIJEclz4cSXyzsRgcJ9vekMGbg,iStay Hotels Jubilee Hills Hyderabad,"Plot No.B 47, Journalist Colony Road opp Kotak Mahindra Bank Road no-3 ,Film Nagar, MLA Colony, Jubilee Hills, Hyderabad, Telangana 500096, India"
hyd115,ChIJ6wRfgYCXyzsRAipsJUybu7E,Hotel Watan Residency,"15-1-522/25, Watan Plaza, Mumbai Highway, JN Road, Ashok Market, Afzal Gunj, Hyderabad, Telangana 500012, India"
hyd116,ChIJ24cp6TKXyzsR0t4eOow1B7Y,Hotel O Lakdikapul Near Birla Mandir Formerly Birla Stay Inn,"No 6-1-57, Mount Nasir, beside Ravindra Bharati Auditorium, Apartment, Khairtabad, Hyderabad, Telangana 500004, India"
hyd117,ChIJZdocZNaZyzsRFr33ZHgrpSY,"FabExpress Deccan Heritage - Hotel in Abids, Hyderabad","Abids Road, Hanuman Tekdi, Koti, Hyderabad, Telangana 500001, India"
hyd118,ChIJ6y69n12XyzsRQMwcMUjL0MM,"FabHotel A&M - Hotel in Banjara Hills, Hyderabad","8-2-293, BNR Colony, BN Reddy Colony, Banjara Hills, Hyderabad, Telangana 500034, India"
hyd119,ChIJq6p6UsmQyzsR3ydTR7ytlh4,hotel milap residency,"8-3-945, 2nd floor, metro pillar no, Ahmed Commercial Complex, A1073, opp. Rs brothers, Nagarjuna Nagar colony, Ameerpet, Hyderabad, Telangana 500016, India"
hyd120,ChIJp6q5uj-ayzsRqoWW-jz7jo4,Hotel Ranjit Residency,"Opp Railway Reservation Complex, Plateform no.1 (GATE NO.1 NORTH EXIT, Pillar no. C1161, St.John's Road, Secunderabad Railway Station Rd, next to Metro Station Secunderabad East, Railway Colony, Chilakalguda, Secunderabad, Telangana 500025, India"
hyd121,ChIJUf-Ayk2byzsR36-zuc2k2ic,Treebo Premium Seven Lake View,"5-4-187/5 15 To 17, PV Narasimha Rao Marg, Karbala Maidan, Rani Gunj, Secunderabad, Hyderabad, Telangana 500003, India"
hyd122,ChIJkxC2oq6XyzsRF5BwcocKVII,"Treebo Address Inn, Banjara Hills","Door No.13, 8-2-676/1, C/A, Rd Number 13, opp. Cafe Graffiti, Sri Ram Nagar Colony, Banjara Hills, Hyderabad, Telangana 500034, India"
hyd123,ChIJFS1krnWRyzsRLiHHC9ZMGPI,Hotel Lotus Grand,"H.No: 8, Pillar No: 1071, 3-945/A/6/1, Ameerpet Rd, Nagarjuna Nagar colony, Yella Reddy Guda, Hyderabad, Telangana 500016, India"
hyd124,ChIJU69MlsabyzsRkDUqWAitNIY,Townhouse Raniganj formerly Devi Residency,"4-2-263, Old Bhoiguda, Rani Gunj, Hyderabad, Secunderabad, Telangana 500003, India"
hyd125,ChIJz0C5tJWRyzsRFd1Yuadt6Qg,Hotel Park Heights,"8-2-326, A/2, Banjara Hills Rd Number 3, Green Valley, Banjara Hills, Hyderabad, Telangana 500034, India"
hyd126,ChIJLxghd0uXyzsRB57BPEltabE,Vrindavan Comfort Inn,"Shankar Rd, Sangeet Nagar, Somajiguda, Hyderabad, Telangana 500082, India"
hyd127,ChIJZct519yZyzsRMvR_ho67AKs,Hotel Grand Himayat,"Hotel Grand Himayat Plot No. 3-6-552 to 558 &558/1, MPM Millenium Wajhuddin Estate, opp. Minerva, Himayatnagar, Hyderabad, Telangana 500029, India"
hyd128,ChIJ06YzpN6RyzsRUJMrhetTfHA,RESTEL STUDIO FLATS,"1-65/43/119 &120, Kakateeya Hills Rd 9, Cyber Hills Colony, SOCIETY, Madhapur, Hyderabad, Telangana 500081, India"
hyd129,ChIJc35O9tOZyzsRzPZNhMmdCmE,Aditya Park Sarovar Portico Hyderabad,"Aditya Trade Center, Satyam Theatre Rd, opp. Aster Prime Hospital, Kumar Basti, Ameerpet, Hyderabad, Telangana 500038, India"
hyd130,ChIJN4gO3MK9yzsRCHQV8CEdSww,Oak By Signature Group,"New International airport road, 10-231, Shamshabad Rd, opposite Rajiv Gandhi bus stand, Shamshabad, Hyderabad, Telangana 501218, India"
hyd131,ChIJIwT6TsiQyzsRk2qYSnzl_9o,OYO Athithi Inn Near Hyderabad Central,"7159, 9/A/3, Dharam Karan Rd, Divyashakti Appartments, Ameerpet, Hyderabad, Telangana 500016, India"
hyd132,ChIJGaBtReqZyzsR4ZlkZCYRLPU,Hotel Imperial Classic,"RTC Cross Road, 1-8-525, Chikkadpalli Rd, beside Airtel Showroom, Jawahar Nagar, Chikkadpally, New Nallakunta, Hyderabad, Telangana 500020, India"
hyd133,ChIJYYlhAQCRyzsRQj3jBVzDXqY,Hotel N,"1-92/1/24/2/2, Plot no- 2 & 3, Bhuvaneswari Society, HITEC City, Khanammet, Hyderabad, Telangana 500081, India"
hyd134,ChIJmfzlj16XyzsRRhcz36bj2yk,Anmol Continental,"5-9-20/A, Saifabad, Khairtabad, Hyderabad, Telangana 500081, India"
hyd135,ChIJz5QdBG2byzsR7OfB95z2HAE,Hotel Asrani International,"1 - 7, 179, Mahatma Gandhi Rd, Bhaskar Residency, Nallagutta, Ramgopalpet, Secunderabad, Hyderabad, Telangana 500003, India"
hyd136,ChIJVSpAKZ2TyzsRqBgMnyQWU30,Treebo Pride Inn Botanica,"Anjaiah Nagar, Gachibowli, Hyderabad, Telangana 500081, India"
hyd137,ChIJTze-tfWRyzsRL3a8IbFLOLY,Hotel Silver Cl√©,"Plot 6 & 8 Vittal Rao Nagar Gafoor Nagar, Vittal Rao Nagar, Madhapur, Hyderabad, Gafoornagar, Telangana 500081, India"
hyd138,ChIJTW7AfGeRyzsRlTXT1Xtgx-w,The Balcony Hotel,"Plot No-27, D.No: 2-56/D/27, Ayyappa Society, Siddhi Vinayak Nagar, Madhapur, Hyderabad, Telangana 500081, India"
hyd139,ChIJL5nYCRuayzsR2q7_UKUecS4,Hotel Maya Deluxe,"61/A, Mahatma Gandhi Rd, opposite Punjab National Bank, Pan Bazar, Old Gudi, Old Bhoiguda, Rani Gunj, Secunderabad, Telangana 500003, India"
hyd140,ChIJx63vcZSTyzsRnGfMLZ4uqV8,Westside Hotel Hyderabad,"Street 3,, Plot Number 95, Patrika Nagar Rd Number 3, HUDA Techno Enclave, HITEC City, Hyderabad, Telangana 500081, India"
hyd141,ChIJ-2pvNwiayzsRkot_cUKrP6E,"FabHotel Hill View HYD - Hotel in Begumpet, Hyderabad","Patigadda, Begumpet, Hyderabad, Telangana 500003, India"
hyd142,ChIJn3Z4yXqXyzsRriwoMkLfsYg,FabHotel Arastu Plaza,"11-2-9, Dargah Yousufain Rd, Nampally Market, Bazar Ghat, Nampally, Hyderabad, Telangana 500001, India"
hyd143,ChIJ1WBLDCCRyzsRQyWEzBFDNAo,"FabExpress Broholic Suites - Hotel Near JNTU, Hyderabad","Plot No 38&39, 2-22105/BC, 2, Pipe Line Road, Vijaya Nagar Colony, Kukatpally, Hyderabad, Telangana 500072, India"
hyd144,ChIJicorvbWTyzsREtUbSH3GhxE,Hotel O Jv Colony Near Gachibowli,"2-30, jv/2, beside Kendriya Vihar Phase 2, JV Colony, Rajiv gandhi Nagar, Gachibowli, Hyderabad, Telangana 500032, India"
hyd145,ChIJ3zlHnfqTyzsRFMRm2gqqv3k,Bloom Hotel - Gachibowli,"SY No. 6/1, Quiet Lands Gachibowli, B2, Old Mumbai Hwy, Rajiv gandhi Nagar, Gachibowli, Serilingampalle (M), Hyderabad, Telangana 500032, India"
hyd146,ChIJ2WS5XMmQyzsRzQ6rO7kHhco,Hotel Sitara Paradise - Ameerpet,"6-3-788/34, NH 65, opposite Lane Of Chandana Brothers, Punjagutta Officers Colony, Ameerpet, Hyderabad, Telangana 500016, India"
hyd147,ChIJyxBof1KTyzsRbDi6Gh5gts0,"Hotel Ceasta, Beside US Consulate, Gachibowli","Sai Tulsi Enclave, Plot No-6, beside US Consulate Road, Vattinagulapally, Nanakramguda, Hyderabad, Telangana 500075, India"
hyd148,ChIJq5p4rqaQyzsRLQSQHHo8K50,"Hotel Greenpark, Hyderabad","Begumpet Rd, Leelanagar, Begumpet, Hyderabad, Telangana 500016, India"
hyd149,ChIJte9N_-yRyzsRpYlbvgbcvus,Zibe Hyderabad by GRT Hotels,"sri sai krishna apartments, 03, Bhagya Nagar Colony Rd, Hmt Sathavahana Nagar, Kukatpally, Hyderabad, Telangana 500072, India"
hyd150,ChIJBTllCEOXyzsRxRrGquBU-E4,Treebo The Living Tree Khairatabad,"6-2-935/1, metro station khaiaratabad, Kammari Krishna St, near khairatabad, Khairtabad, Hyderabad, Telangana 500004, India"
